﻿<?xml version="1.0" encoding="utf-8"?><Search><pages Count="15"><page Index="1"><![CDATA[?????? ??????
                                                           ????? ??????? ????????
                                                  ???? ????? ???? ?????? ??????

???????? ?? ??????? ?????? ?? ??????? ( ?) 1??
       ?( ????? ?????? – ????? ????? )?]]></page><page Index="2"><![CDATA[?????? ??????
?????? ??? ??? ???????]]></page><page Index="3"><![CDATA[????? ??????????

                                                                       ???????
                                    ?????? ??? ??? ? Java?? ??? ?JavaScript??

                                                          ?????? ????? ?Java??
                                                          ???????? ??? ?java??

                                                     ?????? ??? ?Java??
                                             ??????? ????? ???? ?Java??
                                             ???? ????? ????? ???????
????? ??????? ( ???? ???????) ???? ???? ????????? ??????? ???? ?????
                                   ???????? ?????? ?NetBeans IDE??]]></page><page Index="4"><![CDATA[?????? ?:??

   ??????? ?? ??? ????? ????? ??? ? 1995??????? ???? ? Sun Microsystems??? ???? ?? ?? ?? Henry Milton??
                                                  ?? James Gosling?? ???? ??? ??? ???? ??????? ????? ?. Sun??

    ?????? ? ? java???? ?????? ? James Gosling??? ???? ????? ?? ??? ??????? ?????? ??? ??????? ??? ? Java?????
  ??????? ???????? ????? ???? ????? ( ???? ? Java??? ????? ?????? ) ? .?? ??? ???? ????? ????? ?????? ?? ????????

       ????????? ???????? ???? ????? ???? ??? ????? ????? ??????? ????? ? ????????? ? ??? ?????? ? ??????? ??
                                                                        ?????????? ????? ??? ???? ????? ??????? ?:??

                                                                  ??. Windows , Android , Unix , Linux , Mac??

      ??????? ??? ? Java???????? ???????? ??? ???? ??? ????? ????? ????? ??? ?????? ?????? ??????? ????????????
                       ??????? ????? ??? ?????? ???????? ? ????? ??????? ??????? ?????? ?? ??????? ??????????? ?.??

   ???? ???? ????? ? Java?????? ??????? ? Applets?? ?? ??????? ????? ???? ??????? ?? ?????? ? server???? ???????
   ??????? ???????? ???? ???? ??? ?????? ? ??????? ?????? ?? ???? ???? ???? ?????????? ?JVM – Java Virtual??

      ?? . Machine?? ???? ???? ????? ?? ?? ???? ???? ? ??? ????? ???? ?????? ?????????? ?? ???? ??????? ?? ???????
      ?? platform????? ???? ????? ? .???? ??????? ?????? ????? ??????? ??? ?? ???? ? platform?????? ??? ??? ???????

            ??????????? ? ?????? ???? ??????? ?? ?????? ?? ?????? ? ???? ???? ??? ?????? ????? ?????? ?? ???????
                                                                                      ??. platform independent??

 ?? ???? ??? ?????? ?????????? ?????? ????? ?????? ????? ? ?????? ?????? ???? ???????? ?? ???????? ????? ?????????
  ?? ????? ???? ???? ????? ?????? ????? ????????? ????? ???? ?????? ? .?????? ???? ?? ??????? ??? ????? ????? ??????

                                                                                                  ????? ???? ?????? ?.??

   ???????? ??? ??????? ???? ???? ??? ??? ?????? ?? ????? ????????? ?? ????? ??????? ? 1990??????? ???? ?sun??
 ???? ?????? ? ????? ?? ?????? ???? ??? ????????? ???? ????? ?????? ??????? ????????? ?????? ??? ????????? ?????????

     ????????? ??? ? C++??????? ??? ??? ????? ????? ?? ??????? ?? ??? ????? ??? ??? ?? ? ???? ????? ??????? ???
      ??????? ??? ????? ????? ??? ????? ?????? ?? ????????? ????? ??? ?????? ? .?? ?? ???? ???? ? Sun??? ??? ???????
     ????????? ??? ????? ??????? ?? ????????? ???????? ???? ??? ?? ????? ?? ????? ????????? ???????? ?????? ?????

                                                               ????? ???? ? Sun??? ????? ????? ????? ??? ????? ?.??

?? ??? ??? ?? ??? ?????? ?????? ????? ????? ?? ?????? ???? ? ? Windows?? ??? ?? ??? ?????? ???? ?????? ?????
  ??????? ??????? ????????? ???? ?? ?????? ?? ?????? ???? ?????? ?? ???? ???????? ??? ??? ??? ????? ? ????? ???????
     ???? ???????? ???? ??? ????? ?????? ??? ????? ???????? ? .?? ??? ???????? ????? ? Sun???????? ????? ???? ??????

??????? ???? ?????? ?? ????? ???????? ?????? ????? ???? ??? ?? ????? ???? ??????? ????? ? Java?? ?? ??? ??????
      ??????? ?????? ?? ?????? ????????? ? .???? ?? ?????? ?????? ???? ???? ?? ???? ?? ????? ???? ??? ?????
      ????????? ???? ???????? ?? ???? ????? ?????? ?? ??? ????? ? ?? ??? ??? ?? ????? ??? ?? ? Java???? ?????? ?????
                                                                                                            ?????? ?.??

    ?? ??? ???? ??? ? Java?????? ?? ?????? ???? ???? ?? ???? ??? ??? ???? ????????? ???????? ?? ???????? ? ?????????
    ???? ????? ? ??? ??? ??? ?? ????? ?? ?? ???? ????? ????? ? Sun???? ?????? ??????? ? .???? ?? ???? ?????? ????

                                                                                                                                        ??1??]]></page><page Index="5"><![CDATA[????? ?? ????? ??????? ???? ???? ??? ?? ?????? ??????? ???????? ? ?? ?????? ?? ???? ??? ?? ???????? ??? ?????
?? Microsoft?? ???? ? Sun???? ??? ? Microsoft???? ??? ????? ???????? ?????? ? JVM – Java Virtual Machine????

       ????????? ?????? ? . Windows XP?? ??? ????? ?????????? ?????? ?? ??? ????? ? Java???? ???????? ? ????
    ?? Microsoft??????? ???? ??? ?????? ?????????? ??? ?????? ??????? ??? ????? ?? ????????? ??????? ? ?? ?????

      ????? ?????? ? .?? ?? ???? ?? ???? ?????? ???? ??????? ????????? ???? ???? ????? ??????? ????????? ?? ?????
              ?????? ??????? ? ??????? ??? ??? ???? ????? ?? ??????? ?????????? ? ??????? ?? ??? ? ?????? ?????????? ?.??

     ?? ??? ??? ?????? ?? ?????? ?????? ??????? ??????? ??????? ???? ???? ???? ?? ????????? ? .?? ????? ???? ?????
  ??????? ????? ?? ??? ? byte code???? ????? ?? ??????? ????????? ?????? ???? ???? ?? ???? ??????? ?????? ????

                                                                                                                 ??.C??

?? ????? ??????? ???????? ???? ?????? ??? ???? ?? ????? ??????? ???????? ?????? ??????? ?? ????? ?? ??? ??????? ??
                               ???? ?????? ???? ??? ?????? ?????????? ? Java Virtual Machine??? ??????? ?. JVM??

  ?? ????? ??? ?????? ?? ??? ???? ?? ????? ??????? ? ?????? ????? ?????? ?????? ???? ?? ?????? ?? ?????? ??? ?????
        ?????? ????? ??? ??? ???????? ???? ?? ? .????? ???? ????? ? Windows 32 Bit?????? ???? ???????? ??????
                            ?? ? Windows 32 Bit?? ? Windows 64 Bit?????? ???? ???????? ?. Windows 64 Bit??

                                                                                                              ????? ?:??

          ???? ????? ??? ???? ?????????? ????? ? : Windows 64 Bit??? ?. jdk6ul6windowsx64.exe??

  ?? ??? ????? ????? ?????? ???? ??????? ??? ?? ???? ????? ?????? ??? ???? ????? ?????????? ???????? ? .?? ?? ??????
 ????????? ?????? ????? ??? ???? ?? ????? ??? ?????? ???? ?? ????? ???????? ??? ? .????? ???? ????? ?????? ???? ???
 ????? ? linux??????? ????? ??? ????? ? ??????? ?????? ?? ? Windows??? ? ? Macintosh?? ????? ???? ??? ? C??? ?????
?????? ?????? ????? ??????? ??? ???? ?? ?? ???? ????? ??? ??? ??? ????? ??? ??????? ? .???? ????? ? C??? ????? ????

                                                  ???? ???????? ?? ????? ??????? ?? ?????? ?? ???? ??????? ?????? ?.??

                                                 ?????? ??? ??? ? Java?? ??? ?: JavaScript??

                    ???? ????? ?? ????? ??????? ? ???? ???? ??? ??? ???? ?? ????????? ??? ????? ??????? ??? ?? ????

                                               ?? Java??? ????? ???? ? Sun?????? ?????? ???? ?? ??? ?JavaScript??

                    ??? ????? ????? ? Netscape , Sun microsystems?? ???? ???? ?????? ?????? ???? ??????

                                                                          ???????? ????? ???? ? ?????? ??? ?. Java??

???????? ?????? ??? ????? ??? ? ??? ??? ? Client Side??? ??? ??????? ???? ?????? ????? ? .??????? ???? ?? ???????
   ?? Server????? ?????? ?????? ??? ???? ? Client???? ?? ?????? ? interpreter????? ???? ????????? ???? ????? ???
   ???????? ? .?? ?? ????? ????????? ????? ????? ??? ??????? ? ????????? ? ??? ?? ???? ????????? ?????? ????? ???? ??
              ????? ??? ????? ???? ?????? ??????????? ?. DHTML – Dynamic Hyper Text Markup Language??

                                                                                                                                        ??2??]]></page><page Index="6"><![CDATA[?? ?????? ??? ?????? ?????? ?????? ????? ? :??????? ?????? ?????? ??????? ? DHTML???????? ?????? ???
   ????? ???? ????? ???? ?????? ?????? ????????? ??? ? . HTML???? ? DHTML???? ?????? ?? ??????? ????????

              ?????????? ?????? ????????? ??? ?????? ???? ? ???? ?????? ????? ? ?? ???? ?? ??? ??? ??? ?????? ???? ?.??

                                                                      ?????? ????? ?: Java??

??????? ?? ??? ????? ????? ???????? ? . Object Oriented Programming??????? ?????? ??????? ????????? ???????
                   ?? ?? ?????? ????? ???? ? . C++?? ?? ???? ????? ???? ?????? ? ???? ???? ??? ??????? ???? ? ?? ?:??
                                                                      ?? -1?????? ????? ???? ????? ?: Applet??

 ?? ?? ????? ???????? ?? ??????? ? ?? ???? ???? ??? ???? ( ??? ????? ?? ?????? ??????? ? ???? ?????? ???????
                  ???? ????? ?????? ? ? ) Application?? ??? ?????? ?? ????????? ?????? ?????? ???? ?. java applet??
                                                                ?? -2?????? ?????? ???? ????? ?: Application??
                                               ?? ?? ????? ???? ???? ?????? ?????? ? ???? ??? ?? ????? ???? ?.??
                                                                                                          ??????? ?:??

??? ???? ??? ??? ????? ????? ? ?????? ?? ??????? ???????? ??????? ???? ??? ??????? ? ??? ??? ????? ????? ?????? ????
       ?????? ????? ????? ?????? ????? ??? ???? ?? ??? ???????? ? .?? ??? ?? ????? ????? ??? ??? ????? ??? ?? ?????
                                                                                                          ???????? ?.??

                                                                      ???????? ??? ?: java??

                                                                              ????? ??? ??????? ???? ? java?? ?? ?:??
                 ?? ( J2ME , J2SE -1???? ????? ?????? ??????? ? ??????? ????????? ?. ) Wireless Devices??
       ?? -2???????? ? J2EE??? ?????? ? Java 2 Enterprise Edition?? ?? ?????? ?????????? ??????? ??? ??????

                                                                                           ???????? ??????? ?.??
     ?? : ) Java Standard Edition ( Java SE -3???????? ??????? ?? ?????? ? ?? ????? ????? ?????? ??????
 ???? ?????? ? ????? ???? ????? ?????? ???? ????????? ???????? ???????? ??????? ??? ?????? ? ?????? ??
 ???? ????????? ? ?????? ??????? ? ?? ?????? ? ??? ?? ??? ????? ? .?? ???? ?????? ???? ????? ????? ?Java 2??
     ?? platform?? ?? ??????? ??????? ? J2SE?? ?????? ?????? ??? ?????? ? java???? ??? ?? ????? ??????

                                              ??????? ? java?? ?? ????? ????? ?????? ????? ??? ?????? ?.??
?? : ) java enterprise edition ( Java EE -4?????? ?? ??????? ??????? ??? ??? ?????? ??????? ??????? ??
  ?????????? ??????? ? ????? ????? ? ??????? ? servlet ? enterprise java beans?? ?? ???????? ????????

                                                                                                                                        ??3??]]></page><page Index="7"><![CDATA[?? ? multi-tier enterprise???? ???? ? java EE?????? ?????? ???????? ?????? ??????? ??? ??????? ??
     ?????? ????? ? ???? ???? ????? ?????? ? Java EE?? ???? ????? ?????? ? JakartaEE?? ?? ?????? ???

                                                                 ?????????? ??????? ??? ??????? ?. Java SE??
   ?? : ) Java Micro Edition ( Java ME -5?????? ??? ???????? ??? ??????? ???????? ? ????? ?????? ??????
  ???????? ????? ??????? ???????? ? ?? ???? ???? ? ???? ???? ??? ??????? ???????? ? ??????? ??????? ??

                                    ?????? ?? ??????? ? ????? ??????? ??????? ? ???????? ? ??????? ?????? ?.??
?? : J2ME -6?????? ???? ??? ???? ???????? ?????? ??? ???? ??????? ????? ??????? ? ????? ? ??????? ? ??? ???

  ???????? ????? ??????? ???? ???? ????? ?????? ????????? ??? ??? ?????? ? ??????? ?????? ????? ??????? ????
     ?????????? ???? ?? ??????? ? ???? ??? ????? ????? ??????? ? ???? ????????? ?? ?? ??? ????? ?????
                                                                 ??????? ? JVM???? ?????? ?. Java , JRuby??

                                                                         ?????? ??? ?: Java??

                                                       ???? ??? ???? ????? ?? ??? ???? ??????? ???? ??????? ??? ??? ?:??

 ?? -1???? ???? ????? ???? ??? ? ( JVM – Java Virtual Machine?????? ???????? ?????? ) ? :????? ??? ???? ???????
   ????? ????? ??????? ???? ???? ????? ? ???? ? JVM?? ???? ???? ?????? ???????? ???? ????? ? ??????? ?? ??????
                                                                        ?????? ??? ?????? ????? ????? ???? ?.??
    ?? -2????? ??? ???? ????? ??? ??????? ? : Platform Independent???? ?? ???? ???? ???? ?? ????? ??? ?????
         ?????? ???? ( ? ) platform?????? ???? ??? ? ( JVM?????? ???????? ?????? ) ???? ?? ?????? ?? ??????
     ?? Platform?? ??? ?? ????? ??????? ????????? ?????? ??? ???? ? JVM?????? ???????? ??? ???? ?? ?????
                                                                                                    ?????? ?.??

     ????? ??? ??????? ?? ??? ???? ??? ? C++???? ??????? ??????? ? Compiler??????? ??? ???????? ??? ??? ????? ??
       ?????? ?????? ?????? ?? ??????? ???? ??? ??? ???? ??????? ???? ???? ??? ? ??????? ??? ??? ?? ??? ????????

???????? ??? ???? ? C++???? ???? ????? ? Windows???? ????? ?????? ???? ????? ?? ???? ??? ??? ? Windows?? ????
                                            ?????? ?????? ????? ????? ? Unix????? ????? ??????? ??? ??? ?????? ?.??

???? ?? ?????? ?????? ??? ???????? ??? ??? ?? ???? ?????? ???? ? Class??? ????? ? Class???? ??? ???? ????? ? ????
                                  ?? Class????? ?????? ??? ?? ???? ????? ??? ??? ????? ???????? ??? ???? ?.??

                                                                                                       ???? ?? ?:??

    ?? : ) Java Development Kit ( JDK??? ??????? ???? ?????? ?????? ???????? ??????? ???? ?????? ??? ????
                                              ???????? ? Class?? ?? ????? ???? ???? ?????? ??? ?? ???? ????? ?.??

                      ?? : ) Java Virtual Machine ( JVM???????? ???? ???? ??? ? Class???? ??? ???? ????? ?.??

  ?? -3?????? ?????? ??????? ??????? ???????? ? : OOP – Object Oriented Programming????? ? OOP???????
                     ?????? ??????? ? ???? ???? ???? ?? ????? ? ???? ??? ???? ?? ???? ??????? ????????? ?.??

                                                                                                                                        ??4??]]></page><page Index="8"><![CDATA[???? ???? ??????? ????????? ???? ??????? ????? ?? ?????? ? ????? ???? ???????? ? ???? ??????? ???????? ????
??????? ?? ????? ???????? ?????? ????????? ??? ????? ?????? ???? ????? ? ????? ??????? ??? ???? ????? ???????
????? ???? ???? ???????? ? .??? ??? ???? ??????? ?????? ??????? ? OOP??????? ????? ??????? ????? ??? ???????

  ?????? ? ??????? ????? ???? ???? ???????? ?? ??????? ?? ?????? ??? ??? ?????? ?????? ?? ????? ?????? ?.??

???? ???? ? OOP??????? ??? ????? ? ??????? ????? ??? ???? ??????? ????? ????? ????? ? ??? ???? ??????
                             ???????? ??????? ??? ??? ????? ????? ? ????? ?? ?? ????? ????? ????? ?:??

                                 ?????? ??????? ? ????? ????? ???? ? ???? ????? ????? ?.??    ??-??
?????? ????? ??????? ??????? ????? ?????? ???? ??? ??????? ? ????? ???? ?? ??????           ??-??

                                                                    ???????? ? ??????.??      ??-??
                                                ?????? ??? ???????? ?????? ???? ??????? ?.??

     ?? -4?????? ????? ????? ????? ? : Class Library????? ??? ??? ?????? ????? ??? ? OOP???? ????? ??? ??????
   ?????? ???? ????? ?? ??????? ??? ????? ??????? ?? ????? ???????? ? ????? ??????? ?? ??????? ? ??????

                                      ???????? ?? ?????? ??????? ? ????? ??????? ?? ????? ????? ?????? ?.??

                                                                             ?? -5?????? ??? ????? ??? ?. C , C++??
?? -6????? ???????? ?????? ????? ?????? ?????? ?? ??? ????? ? :??? ??????? ?? ??? ????? ????? ?? ?????? ???????

     ???????? ?? ??? ????? ???? ????? ???????? ??? ?????? ??????? ??? ?? ?????? ???? ????? ????? ?????? ???
                                                                                                ???? ????? ?.??

  ?? -7?????? ???????? ??????? ?? ??????? ? :??? ?????? ?????? ??? ? C++???? ??????? ?? ????????? ? ?????? ????? ?? ???
????? ???????? ? ??????? ? ????? ?? ?????? ??? ??????? ?? ??????? ??????? ??? ???? ?? ??????? ? ???? ???? ?????

                                                                                    ?????? ?? ?????? ?????? ?.??
      ?? -8???? ???? ???? ???? ??? ? :???? ????? ?? ?????? ?? ??? ???? ???????? ???? ???? ???? ???????? ?? ?????
???????? ?? ?????? ?? ???? ??? ???????? ???? ???? ??????? ???? ???? ?????? ?? ????????? ? ???????? ?????????
    ??? ??????? ? ??? ??? ?? ???????? ???? ??? ?? ?????? ???? ?? ???? ??? ??? ?????? ?? ??????? ??? ??????

                                 ????? ??? ?????? ?? ??????? ?? ????? ? Class?? ??? ????? ?? ???? ??????? ??? ?.??
   ?? -9??????? ?? ??? ??????? ???????? ? ???? ?? ??? ?????? ? : Java Applet?????? ??? ?????? ??????? ???????
   ????? ?????? ?? ???? ???? ??????? ????? ??? ?????? ?? ??? ?? ??? ? :?????? ?????? ?????? ??? ??????
  ?????? ? ??????? ??????? ? ??????? ???????? ? ??????? ????? ??? ????? ?????? ?????? ? ?????? ??? ?????? ?????

       ???????? ??? ???? ???????? ? ??????? ?????? ?????? ????? ??????? ??? ????? ????? ? ??????? ???????
                                                               ??????????? ??????? ?????????? ???????? ?? ??? ?.??

                                                                                             ??5??]]></page><page Index="9"><![CDATA[??????? ????? ???? ?: Java??

  ??( Java Virtual Machine JVM .1?????? ???????? ??????) ? :?????? ?? ????? ??? ? Java???? ? JVM??????? ?????
    ???? ???? ????? ??? ??????? ?? ???? ????? ???? ????? ? Software????? ????? ????? ????? ????????
                                                                            ?? Run Time???? ???? ????? ?.??

 ?? : Java Server Pages – JSP .2??? ??? ????? ???? ???? ????? ?????? ????????? ??? ?????? ?????? (????
 ??????? ????? ????????) ???? ????? ??????? ???? ????? ? HTML???? ???? ??? ? Scripts???? ???? ??? ????

                                                             ?? Script????? ?????)?. (Server Side Script??

?? : Servelt .2????? ?? ????? ?????? ???? ?????? ??????? ??? ???? ???????? ??? ????? ?? ???? ??? ????????
   ????? ?????? ??? ???? ??????? ????? ? Requests??? ?????? ?????? ???? ? ? Response??????? ??? ???????
  ???? ??? ? ? GenericServlet Class?????? ??????? ? Servelt??????? ?????? ?? ??? ?? ??????? ???? ??????
   ?????? ????? ????? ?????? ????? ????? ??? ???? ???? ??? ??????? ?????? ?? ? FTP??? ????? ? ??? ?????
                                                                                                   ???? ????.??

                                                                                                                                        ??6??]]></page><page Index="10"><![CDATA[?? : JavaBeans .3??? ? Java Classes??????? ????? ????? ???? ???? ????????? ?? ???? ?? ???? ??? ?.??

????? ??? ?????? ????? ?:??

     ?????? (? ? )Simple?????? (? ? )Object-Oriented?????? (? ? )Distributed?????? (? ? )Interpreted??????
?(? ? )Robust?????? (? ? )Secure???? ????? ?????? (? ? )Architecture Neutral?????? ??????? (? ? )Portable????????

                                                            ???????? ? ? )Multithreaded?????????? (?. )Dynamic??

?????? ??? ??????? ??? ????:??

?????? ??? ????? ? : Simple???? ??? ?????? ????? ????? ???? ???? ??????? ??????? ????? ????? ??????           ??-??
  ?? java???????? ?? ??? ? C?? ? C++???? ??? ????? ????? ???? ??? ??????? ???????? ?? ? C?? ?C++??                    ??-??
                                                                      ????? ??? ? Java?????? ?????? ?.??        ??-??
 ?????? ??? ????? (? : )Object-Oriented????? ????? ?????? ????? ????? ?? ???? ??????? ??? ?????????           ??-??
  ??????? ? ( Methods??? ??? ? java????? ??? ? procedure , functions???? ? )methods???? ????

??? ?????? ??????? ???? ??? ?????? ?? ???????? ??????? ? class?????? ????? ??? ????? ??????? ????
                                                                                               ??????????.??

  ?????? ??? ????? ? : Distributed??? ???? ??? ????? ??????? ???? ???? ?????? ? URL?????? ?? ?Class??
   ????? ???? ? java.net??????? ??? ?? ???? ??? ?? ?????? ?????? ??? ?? ????? ?????? ??? ?????

    ???? ? java??? ( ? )Remote Method Invocation???? ????? ?? ? API??????? ????? ?? ???? ???
                                                                         ??????? ??? ?? ???? ?? ????? ?.??

    ?????? ??? ????? ? : Interpreted?????? ???? ? compile???????? ???? ???? ?????? ? byte-code???????
   ?? Java Virtual Machine??? ??? ?? ???? ??????? ?????? ???? ? Machine code???????? ??????

                                              ?????? ????? ???? ?? ???? ?? ????? ???? ?. JVM java??

                                                                                                             ??7??]]></page><page Index="11"><![CDATA[?????? ??? ???? ? : Robust?????? ???? ??? ?????? ??? ? Robust????? ????? ??? ?? ???? ??? ???????           ??-??
  ??????? ??? ????? ???? ????? ???? ??? ??? ?????? ?? ????? ??? ?? ???? ??????? ?? ??????? ???????        ??-??
   ?????????? ??????? ???? ??????? ???? ????? ?? ???? ?? ???? ????? ????? ????? ( ?? ???? ????? ???       ??-??

                                                                    ?????? ? java??????? ?????? ??? ) ?.??    ??-??
     ?????? ??? ????? ? : Secure??? ??????? ?? ? Applets??????? ?? ? java??????? ??? ? ? JVM??????                ??-??
???????? ?? ????? ????? ????? ??? ?????? ??? ????? ????? ??? ? Applets?????? ?? ????? ????? ????
 ?????? ?????? ??? ??? ?? ??????? ??? ????? ? java????? ??????? ???? ??? ??? ????? ?????? ???????

                                                                          ??? ??????? ???????? ?????? ?.??
?????? ??? ??? ????? ?????? ? Neutral Architecture??????? ??????? ? : Portable?????? ? java?????? ?????

  ???? ???? ??????? ??? ????? ?? ??? ???? ????? ?? ??? ???? ?? ? ? Byte-Code ?JVM???????? ???
 ????? ???????? ??? ??? ????? ???? ????? ??? ?? ???? ? Byte-Code????? ???? ???????? ???? ???? ?JVM??

          ??? ?????? ???? ????? ???? ?????? ??? ? Byte-Code?? ????? ??? ?? ?????? ?? ???? ??????? ?.??
?????? ?????? ??????? ? : Multithreaded?????? ? java???????? ??? ????? ??? ???? ?? ??? ????? ????

      ????? ???? ?? ???? ????? ? synchronized??????? ?????? ?? ???????? ???? ???? ?? ??? ?????.??
        ?????? ??? ????????? ? : Dynamic Language???? ???? ?? ?? ??? ????? ??? ? class???????? ?.??

                                                            ???? ????? ????? ?????? ?:??

                              ???????? ?????? ? -?????????? ??????? ??????? ?: Java Development Kit – JDK??

                                                                                    ?????? ??? ??????? ?? ????:??

                                                          ?? -1??????? ???? ???? ??? ?????? ?Notepad??
?? -2??????? ?( JDK?????? ?????? ? ) Java?????? ?????? ????? ?? ???? ??????? ?????? ?? ?????? ???????:??

        ??https://www.oracle.com/java/technologies/javase/javase-jdk8-downloads.html??

                                                                            ????? ??? ??????? ??????? ??????? ?:??

                          ?? -?????? ? : Javac????? ?????? ????? ?????? ??? ??? ?????? ?Class??
                                              ?? -?????? ? : Java????? ?????? ??? ? Java??????????

  ?? -?????? ? : Applet Viewer??????? ???? ??????? ? Java??? ????? ? Applet?????? ????????.??

                                                                                                           ??8??]]></page><page Index="12"><![CDATA[9]]></page><page Index="13"><![CDATA[10]]></page><page Index="14"><![CDATA[?????? ??? ??????? ?:??

                                                                ???????? ??????? ? -???????? ??????? ?????? ???? ?????? ?:??
  ???? ???? ????? ????? ? java??????????? ???????? ???? ???? ????? ? Visual???? ???? ??? ??????? ?? ??????? ?????
???????? ????? ????? ??? ? ( Java????? ?????? ???? ? -?????? ? -??????) ???? ??? ??????? ?? ???? ????? ????? ???????
   ?????? ? ? Java???? ????? ??? ??????? ?? ???? :??????? ? Visual Cafe??????? ? ? JavaBuilder??????? ?? JCreator??
??????? ?( Oracle Developer??? ????? ???? ? ? ) Oracle??????? ? NetBeans IDE???? ?? ??????? ???????? ???????

                                                                                                    ???????? ?. Java??

                                                                                                                                      ??11??]]></page><page Index="15"><![CDATA[????? ??????? ( ???? ???????) ???? ???? ????????? ??????? ???? ???? ?:??

 ?? -1??????? ? : NetBeans?????? ???? ??????? ??????? ?????? ?????? ?????? ?????? ?? ????? ???? ???? ? ?????????
??????? ??????? ???????? ? ??? ???????? ?? ??? ?????? ????? ????? ?? ?????? ??? ?C - C++ - HTML - PHP :??

  ???????? ? :?????? ?????? ??? ??? ????? ????? ??????? (? )Windows-Linux-MAC?????? ??????? -???????
?????????? ? -???????? ???????? ??????? ???????? ???? ?????? ????? ?? ???????? ? Plugins????????? ???? ??????

                                                             ???????? ?? ??????? ????? ???? ??????? ???????.??
    ????????? ??? ??? ???????? ?? ???? ????? ??????? ???? ????? ????? ?? ?????? ???????? ??? ???? ????? ?????? ?????
   ??????? ????? ??? ????? ? ??????? ??????? ??? ?????? ?????? ????? ????? ????? ???? ??? ?????? ??? ????? ?? C++??

                                                                                                             ??. PHP??
   ?? -2??????? ? : Eclipse?????? ???? ????? ??????? ??????? ??? ????? ???? ????? ??????? ???? ?????? ?????????
   ??????? ?????? ??????? ???? ???????? ???????? ?? ??? ???? ?????? ?? ?????? ??? ?Ruby - Java Script -??

                                                           ?? Python?? ????? ?????? ?? ?????? ??? ?C ? C++??
  ???????? ? :???? ????? ? NetBeans??????? ????? ?????? ??? ????? ?? ???? ??????? ? ? NetBeans????????

                                                                                  ???????? ?????? ?.Android??
    ?? -3??????? ? : IntelliJ????? ????? ??????? ?????? ???? ????? ??? ? Android??????? ?????? ????? ????????? ???

                      ?????? ??????? ???????? ? ??? ???????? ???? ?????? ? ????????? ??? ??????? ?????? ????? ?.??
?? -4??????? ? : BlueJ????? ??????? ??????? ???? ???? ?????? ??? ????? ??? ??????? ??????? ???? ??? ?????

                           ?????? ????? ??????? ???? ??????? ????????? ? ????????? ??? ??????? ?????? ????? ?.??
??????? ??? ? Java??? ? :??????? ?? ????? ? ? Packages??????? ????? ?? ?????? ?? ???????? ? ? Objects????????

              ??????? ?? ?????? ?? ?????? ? Methods????? ?????? ?? ????? ? Java?????? ?????? ?? ????? ?????????.??

                                                                                 ???????? ?????? ?: NetBeans IDE??
                                                                                            ?????? ????? ????????? ?:??

                                                                                                                                       ??12??]]></page></pages></Search>